id,polarity
1,positive
2,positive
3,positive
4,negative
5,positive
6,positive
7,positive
8,negative
9,positive
10,negative
11,positive
12,positive
13,positive
14,negative
15,negative
16,positive
17,positive
18,positive
19,negative
20,negative
21,negative
22,negative
23,positive
24,positive
25,positive
26,negative
27,positive
28,negative
29,positive
30,positive
31,negative
32,positive
33,negative
34,negative
35,positive
36,positive
37,positive
38,negative
39,positive
40,positive
41,negative
42,negative
43,positive
44,positive
45,negative
46,positive
47,positive
48,positive
49,negative
50,negative
51,positive
52,positive
53,positive
54,positive
55,positive
56,positive
57,positive
58,positive
59,negative
60,positive
61,positive
62,negative
63,positive
64,positive
65,positive
66,positive
67,positive
68,positive
69,positive
70,negative
71,positive
72,positive
73,positive
74,negative
75,negative
76,positive
77,positive
78,negative
79,negative
80,positive
81,negative
82,positive
83,positive
84,negative
85,positive
86,negative
87,positive
88,positive
89,positive
90,negative
91,positive
92,positive
93,positive
94,positive
95,negative
96,positive
97,positive
98,negative
99,negative
100,positive
101,positive
102,positive
103,positive
104,positive
105,positive
106,positive
107,positive
108,positive
109,positive
110,negative
111,positive
112,positive
113,positive
114,negative
115,positive
116,positive
117,positive
118,positive
119,positive
120,negative
121,negative
122,negative
123,positive
124,positive
125,positive
126,positive
127,positive
128,positive
129,positive
130,positive
131,positive
132,negative
133,negative
134,positive
135,negative
136,positive
137,positive
138,negative
139,positive
140,negative
141,positive
142,positive
143,positive
144,negative
145,neutral
146,positive
147,negative
148,positive
149,positive
150,positive
151,positive
152,positive
153,positive
154,positive
155,negative
156,positive
157,positive
158,negative
159,negative
160,positive
161,positive
162,positive
163,negative
164,negative
165,positive
166,positive
167,negative
168,positive
169,positive
170,positive
171,negative
172,positive
173,negative
174,positive
175,positive
176,positive
177,positive
178,positive
179,positive
180,negative
181,positive
182,positive
183,negative
184,positive
185,positive
186,positive
187,positive
188,positive
189,positive
190,negative
191,negative
192,positive
193,positive
194,positive
195,negative
196,negative
197,negative
198,positive
199,positive
200,negative
201,positive
202,positive
203,positive
204,positive
205,positive
206,positive
207,positive
208,negative
209,positive
210,positive
211,positive
212,positive
213,negative
214,negative
215,positive
216,positive
217,positive
218,positive
219,positive
220,positive
221,negative
222,negative
223,positive
224,positive
225,positive
226,positive
227,negative
228,positive
229,positive
230,positive
231,negative
232,negative
233,positive
234,positive
235,positive
236,negative
237,positive
238,positive
239,negative
240,positive
241,positive
242,positive
243,negative
244,positive
245,positive
246,positive
247,negative
248,negative
249,positive
250,positive
251,negative
252,positive
253,positive
254,positive
255,positive
256,positive
257,positive
258,positive
259,positive
260,positive
261,positive
262,positive
263,positive
264,negative
265,positive
266,positive
267,positive
268,positive
269,negative
270,positive
271,positive
272,negative
273,positive
274,positive
275,positive
276,negative
277,positive
278,positive
279,positive
280,positive
281,positive
282,positive
283,negative
284,positive
285,negative
286,positive
287,positive
288,positive
289,positive
290,positive
291,negative
292,positive
293,positive
294,positive
295,positive
296,positive
297,positive
298,negative
299,positive
300,positive
301,positive
302,positive
303,negative
304,positive
305,negative
306,negative
307,negative
308,positive
309,positive
310,negative
311,positive
312,negative
313,positive
314,positive
315,positive
316,positive
317,positive
318,positive
319,negative
320,negative
321,positive
322,positive
323,positive
324,negative
325,negative
326,positive
327,positive
328,negative
329,positive
330,positive
331,negative
332,negative
333,positive
334,negative
335,positive
336,positive
337,positive
338,positive
339,positive
340,positive
341,positive
342,positive
343,positive
344,positive
345,positive
346,positive
347,negative
348,positive
349,positive
350,positive
351,positive
352,positive
353,positive
354,positive
355,positive
356,positive
357,positive
358,positive
359,positive
360,positive
361,positive
362,positive
363,positive
364,negative
365,positive
366,positive
367,negative
368,positive
369,positive
370,positive
371,negative
372,positive
373,negative
374,positive
375,positive
376,positive
377,positive
378,negative
379,positive
380,negative
381,positive
382,positive
383,negative
384,positive
385,positive
386,positive
387,positive
388,positive
389,negative
390,negative
391,positive
392,positive
393,negative
394,positive
395,positive
396,positive
397,negative
398,positive
399,positive
400,positive
401,negative
402,negative
403,negative
404,positive
405,negative
406,positive
407,positive
408,positive
409,positive
410,positive
411,negative
412,negative
413,negative
414,positive
415,positive
416,negative
417,negative
418,positive
419,positive
420,negative
421,positive
422,negative
423,negative
424,positive
425,negative
426,positive
427,negative
428,positive
429,positive
430,positive
431,positive
432,positive
433,positive
434,negative
435,positive
436,positive
437,positive
438,positive
439,negative
440,positive
441,positive
442,positive
443,positive
444,positive
445,positive
446,negative
447,positive
448,positive
449,positive
450,positive
451,positive
452,positive
453,negative
454,negative
455,negative
456,positive
457,positive
458,positive
459,positive
460,positive
461,positive
462,negative
463,positive
464,negative
465,negative
466,negative
467,negative
468,positive
469,positive
470,negative
471,negative
472,positive
473,positive
474,negative
475,negative
476,positive
477,positive
478,negative
479,negative
480,positive
481,positive
482,negative
483,positive
484,negative
485,positive
486,negative
487,positive
488,positive
489,negative
490,positive
491,positive
492,positive
493,positive
494,negative
495,positive
496,positive
497,positive
498,positive
499,positive
500,negative
501,positive
502,negative
503,negative
504,positive
505,positive
506,positive
507,positive
508,positive
509,positive
510,negative
511,positive
512,positive
513,positive
514,positive
515,positive
516,negative
517,positive
518,positive
519,positive
520,negative
521,positive
522,positive
523,positive
524,negative
525,positive
526,positive
527,negative
528,negative
529,positive
530,positive
531,negative
532,positive
533,positive
534,positive
535,positive
536,positive
537,positive
538,negative
539,positive
540,positive
541,positive
542,positive
543,positive
544,positive
545,positive
546,positive
547,positive
548,positive
549,positive
550,negative
551,neutral
552,positive
553,negative
554,positive
555,positive
556,positive
557,negative
558,negative
559,negative
560,positive
561,negative
562,positive
563,negative
564,negative
565,positive
566,negative
567,negative
568,negative
569,positive
570,positive
571,positive
572,positive
573,negative
574,positive
575,positive
576,positive
577,positive
578,negative
579,positive
580,positive
581,negative
582,positive
583,positive
584,positive
585,positive
586,positive
587,negative
588,positive
589,positive
590,positive
591,negative
592,positive
593,positive
594,negative
595,positive
596,negative
597,positive
598,positive
599,positive
600,positive
601,positive
602,positive
603,negative
604,positive
605,positive
606,positive
607,positive
608,positive
609,negative
610,positive
611,positive
612,positive
613,negative
614,negative
615,positive
616,positive
617,negative
618,positive
619,positive
620,negative
621,positive
622,positive
623,negative
624,negative
625,positive
626,negative
627,positive
628,positive
629,positive
630,negative
631,negative
632,negative
633,positive
634,negative
635,negative
636,negative
637,positive
638,positive
639,positive
640,positive
641,negative
642,positive
643,positive
644,positive
645,negative
646,positive
647,negative
648,negative
649,negative
650,negative
651,positive
652,positive
653,positive
654,positive
655,positive
656,positive
657,positive
658,positive
659,positive
660,negative
661,positive
662,positive
663,positive
664,negative
665,positive
666,positive
667,positive
668,negative
669,negative
670,positive
671,positive
672,positive
673,positive
674,positive
675,positive
676,positive
677,positive
678,negative
679,negative
680,negative
681,positive
682,positive
683,positive
684,positive
685,positive
686,positive
687,negative
688,negative
689,negative
690,positive
691,negative
692,negative
693,positive
694,negative
695,positive
696,positive
697,positive
698,positive
699,positive
700,negative
701,positive
702,negative
703,negative
704,positive
705,positive
706,positive
707,negative
708,positive
709,positive
710,positive
711,negative
712,positive
713,positive
714,positive
715,positive
716,positive
717,negative
718,negative
719,negative
720,negative
721,positive
722,positive
723,positive
724,negative
725,negative
726,negative
727,negative
728,positive
729,positive
730,negative
731,negative
732,negative
733,positive
734,positive
735,positive
736,negative
737,positive
738,positive
739,positive
740,positive
741,negative
742,positive
743,positive
744,positive
745,positive
746,negative
747,positive
748,positive
749,negative
750,negative
751,positive
752,positive
753,positive
754,positive
755,negative
756,positive
757,positive
758,negative
759,positive
760,positive
761,positive
762,positive
763,positive
764,positive
765,positive
766,negative
767,positive
768,positive
769,negative
770,negative
771,positive
772,positive
773,positive
774,negative
775,positive
776,negative
777,negative
778,negative
779,positive
780,negative
781,negative
782,negative
783,positive
784,positive
785,negative
786,negative
787,negative
788,positive
789,negative
790,positive
791,positive
792,positive
793,positive
794,positive
795,negative
796,negative
797,negative
798,positive
799,negative
800,positive
801,positive
802,positive
803,negative
804,positive
805,positive
806,negative
807,positive
808,positive
809,negative
810,positive
811,negative
812,positive
813,positive
814,positive
815,positive
816,positive
817,positive
818,positive
819,positive
820,positive
821,positive
822,positive
823,negative
824,positive
825,positive
826,positive
827,positive
828,positive
829,positive
830,negative
831,positive
832,negative
833,positive
834,positive
835,positive
836,positive
837,positive
838,positive
839,positive
840,positive
841,negative
842,positive
843,positive
844,positive
845,positive
846,positive
847,negative
848,positive
849,negative
850,positive
851,positive
852,positive
853,negative
854,positive
855,negative
856,positive
857,positive
858,neutral
859,positive
860,negative
861,positive
862,positive
863,positive
864,positive
865,positive
866,positive
867,positive
868,positive
869,positive
870,positive
871,positive
872,positive
873,negative
874,positive
875,positive
876,positive
877,positive
878,positive
879,positive
880,positive
881,negative
882,negative
883,positive
884,positive
885,positive
886,positive
887,negative
888,positive
889,positive
890,positive
891,negative
892,negative
893,positive
894,positive
895,positive
896,positive
897,positive
898,negative
899,positive
900,positive
901,negative
902,positive
903,positive
904,negative
905,positive
906,positive
907,positive
908,negative
909,negative
910,positive
911,positive
912,positive
913,positive
914,positive
915,positive
916,positive
917,negative
918,positive
919,positive
920,negative
921,neutral
922,positive
923,positive
924,positive
925,negative
926,negative
927,positive
928,positive
929,positive
930,positive
931,positive
932,positive
933,positive
934,negative
935,negative
936,positive
937,positive
938,negative
939,positive
940,positive
941,positive
942,positive
943,positive
944,negative
945,positive
946,positive
947,negative
948,negative
949,positive
950,positive
951,positive
952,negative
953,negative
954,negative
955,positive
956,positive
957,positive
958,positive
959,positive
960,negative
961,positive
962,positive
963,positive
964,positive
965,positive
966,positive
967,positive
968,positive
969,positive
970,positive
971,negative
972,positive
973,positive
974,positive
975,positive
976,positive
977,positive
978,negative
979,positive
980,positive
981,positive
982,positive
983,positive
984,positive
985,negative
986,positive
987,positive
988,positive
989,negative
990,negative
991,negative
992,positive
993,neutral
994,positive
995,positive
996,positive
997,positive
998,negative
999,positive
1000,negative
1001,positive
1002,positive
1003,positive
1004,positive
1005,negative
1006,neutral
1007,negative
1008,positive
1009,negative
1010,positive
1011,positive
1012,positive
1013,positive
1014,positive
1015,negative
1016,negative
1017,negative
1018,positive
1019,positive
1020,positive
1021,positive
1022,negative
1023,positive
1024,negative
1025,positive
1026,positive
1027,positive
1028,negative
1029,positive
1030,positive
1031,positive
1032,positive
1033,positive
1034,negative
1035,negative
1036,positive
1037,negative
1038,negative
1039,negative
1040,negative
1041,negative
1042,negative
1043,negative
1044,positive
1045,positive
1046,positive
1047,neutral
1048,negative
1049,negative
1050,negative
1051,positive
1052,positive
1053,positive
1054,positive
1055,positive
1056,positive
1057,positive
1058,positive
1059,negative
1060,positive
1061,positive
1062,positive
1063,positive
1064,positive
1065,negative
1066,positive
1067,positive
1068,positive
1069,positive
1070,positive
1071,positive
1072,positive
1073,positive
1074,negative
1075,negative
1076,negative
1077,negative
1078,negative
1079,positive
1080,negative
1081,positive
1082,negative
1083,positive
1084,positive
1085,positive
1086,negative
1087,positive
1088,positive
1089,positive
1090,positive
1091,positive
1092,positive
1093,negative
1094,negative
1095,negative
1096,positive
1097,positive
1098,positive
1099,positive
1100,negative
1101,positive
1102,positive
1103,positive
1104,positive
1105,positive
1106,positive
1107,positive
1108,positive
1109,negative
1110,positive
1111,positive
1112,positive
1113,negative
1114,positive
1115,positive
1116,positive
1117,positive
1118,negative
1119,positive
1120,positive
1121,positive
1122,negative
1123,negative
1124,positive
1125,neutral
1126,negative
1127,positive
1128,positive
1129,positive
1130,positive
1131,negative
1132,positive
1133,positive
1134,negative
1135,positive
1136,positive
1137,positive
1138,positive
1139,positive
1140,negative
1141,positive
1142,positive
1143,positive
1144,positive
1145,positive
1146,positive
1147,negative
1148,positive
1149,positive
1150,positive
1151,negative
1152,negative
1153,neutral
1154,positive
1155,negative
1156,negative
1157,positive
1158,positive
1159,positive
1160,positive
1161,positive
1162,negative
1163,positive
1164,positive
1165,positive
1166,neutral
1167,positive
1168,positive
1169,positive
1170,negative
1171,positive
1172,positive
1173,positive
1174,positive
1175,negative
1176,negative
1177,positive
1178,positive
1179,positive
1180,positive
1181,positive
1182,positive
1183,positive
1184,positive
1185,positive
1186,negative
1187,positive
1188,negative
1189,positive
1190,negative
1191,positive
1192,negative
1193,positive
1194,negative
1195,positive
1196,negative
1197,positive
1198,positive
1199,negative
1200,negative
1201,positive
1202,positive
1203,negative
1204,positive
1205,positive
1206,positive
1207,negative
1208,positive
1209,negative
1210,positive
1211,negative
1212,negative
1213,positive
1214,negative
1215,negative
1216,negative
1217,positive
1218,positive
1219,negative
1220,negative
1221,positive
1222,positive
1223,negative
1224,positive
1225,positive
1226,positive
1227,positive
1228,positive
1229,positive
1230,negative
1231,positive
1232,positive
1233,positive
1234,negative
1235,positive
1236,positive
1237,positive
1238,positive
1239,negative
1240,positive
1241,negative
1242,negative
1243,positive
1244,negative
1245,negative
1246,negative
1247,positive
1248,positive
1249,positive
1250,positive
1251,negative
1252,positive
1253,positive
1254,negative
1255,positive
1256,positive
1257,negative
1258,negative
1259,positive
1260,positive
1261,negative
1262,negative
1263,positive
1264,positive
1265,positive
1266,negative
1267,positive
1268,positive
1269,negative
1270,negative
1271,positive
1272,positive
1273,positive
1274,negative
1275,negative
1276,positive
1277,positive
1278,positive
1279,positive
1280,positive
1281,positive
1282,negative
1283,positive
1284,positive
1285,positive
1286,positive
1287,positive
1288,negative
1289,positive
1290,negative
1291,positive
1292,positive
1293,positive
1294,negative
1295,negative
1296,positive
1297,negative
1298,positive
1299,positive
1300,positive
1301,positive
1302,positive
1303,positive
1304,positive
1305,negative
1306,positive
1307,positive
1308,negative
1309,negative
1310,negative
1311,positive
1312,positive
1313,negative
1314,positive
1315,positive
1316,positive
1317,positive
1318,negative
1319,positive
1320,negative
1321,positive
1322,positive
1323,positive
1324,negative
1325,negative
1326,positive
1327,positive
1328,negative
1329,positive
1330,positive
1331,negative
1332,positive
1333,negative
1334,positive
1335,positive
1336,positive
1337,positive
1338,negative
1339,positive
1340,positive
1341,negative
1342,negative
1343,positive
1344,negative
1345,negative
1346,positive
1347,positive
1348,positive
1349,positive
1350,positive
1351,positive
1352,negative
1353,negative
1354,positive
1355,positive
1356,positive
1357,neutral
1358,positive
1359,negative
1360,negative
1361,positive
1362,positive
1363,positive
1364,positive
1365,negative
1366,positive
1367,negative
1368,negative
1369,positive
1370,positive
1371,positive
1372,positive
1373,positive
1374,positive
1375,positive
1376,negative
1377,negative
1378,negative
1379,negative
1380,negative
1381,negative
1382,positive
1383,positive
1384,negative
1385,positive
1386,negative
1387,positive
1388,positive
1389,positive
1390,positive
1391,positive
1392,negative
1393,positive
1394,negative
1395,positive
1396,negative
1397,positive
1398,negative
1399,positive
1400,positive
1401,positive
1402,negative
1403,positive
1404,positive
1405,positive
1406,negative
1407,negative
1408,positive
1409,positive
1410,positive
1411,positive
1412,negative
1413,positive
1414,negative
1415,positive
1416,negative
1417,positive
1418,positive
1419,positive
1420,positive
1421,positive
1422,negative
1423,negative
1424,neutral
1425,negative
1426,positive
1427,positive
1428,negative
1429,positive
1430,positive
1431,positive
1432,positive
1433,positive
1434,positive
1435,negative
1436,positive
1437,positive
1438,positive
1439,positive
1440,negative
1441,negative
1442,positive
1443,negative
1444,positive
1445,negative
1446,positive
1447,negative
1448,positive
1449,positive
1450,positive
1451,positive
1452,negative
1453,positive
1454,positive
1455,negative
1456,positive
1457,negative
1458,positive
1459,negative
1460,positive
1461,positive
1462,positive
1463,positive
1464,negative
1465,positive
1466,positive
1467,positive
1468,positive
1469,positive
1470,negative
1471,positive
1472,positive
1473,positive
1474,positive
1475,positive
1476,positive
1477,negative
1478,positive
1479,positive
1480,positive
1481,positive
1482,negative
1483,positive
1484,positive
1485,negative
1486,positive
1487,positive
1488,positive
1489,negative
1490,positive
1491,positive
1492,positive
1493,positive
1494,positive
1495,positive
1496,positive
1497,positive
1498,positive
1499,positive
1500,positive
1501,positive
1502,negative
1503,positive
1504,negative
1505,positive
1506,negative
1507,positive
1508,positive
1509,positive
1510,positive
1511,positive
1512,positive
1513,positive
1514,negative
1515,negative
1516,negative
1517,positive
1518,positive
1519,negative
1520,positive
1521,positive
1522,positive
1523,positive
1524,negative
1525,negative
1526,positive
1527,positive
1528,positive
1529,positive
1530,negative
1531,positive
1532,negative
1533,negative
1534,positive
1535,positive
1536,positive
1537,positive
1538,negative
1539,positive
1540,positive
1541,negative
1542,negative
1543,positive
1544,positive
1545,negative
1546,positive
1547,positive
1548,positive
1549,positive
1550,negative
1551,positive
1552,positive
1553,positive
1554,positive
1555,positive
1556,positive
1557,positive
1558,negative
1559,positive
1560,negative
1561,positive
1562,positive
1563,positive
1564,positive
1565,positive
1566,positive
1567,positive
1568,positive
1569,neutral
1570,negative
1571,positive
1572,positive
1573,positive
1574,positive
1575,positive
1576,positive
1577,positive
1578,negative
1579,positive
1580,negative
1581,positive
1582,positive
1583,positive
1584,positive
1585,positive
1586,positive
1587,positive
1588,positive
1589,positive
1590,positive
1591,positive
1592,negative
1593,positive
1594,positive
1595,positive
1596,positive
1597,negative
1598,positive
1599,negative
1600,negative
1601,positive
1602,negative
1603,positive
1604,positive
1605,positive
1606,positive
1607,negative
1608,positive
1609,negative
1610,positive
1611,positive
1612,negative
1613,positive
1614,positive
1615,positive
1616,positive
1617,negative
1618,positive
1619,negative
1620,negative
1621,positive
1622,positive
1623,positive
1624,positive
1625,negative
1626,positive
1627,negative
1628,positive
1629,positive
1630,negative
1631,positive
1632,negative
1633,positive
1634,positive
1635,positive
1636,negative
1637,positive
1638,negative
1639,positive
1640,negative
1641,positive
1642,positive
1643,positive
1644,positive
1645,positive
1646,negative
1647,negative
1648,positive
1649,positive
1650,positive
1651,negative
1652,positive
1653,negative
1654,positive
1655,negative
1656,positive
1657,positive
1658,positive
1659,positive
1660,positive
1661,positive
1662,positive
1663,positive
1664,positive
1665,positive
1666,positive
1667,positive
1668,positive
1669,positive
1670,positive
1671,positive
1672,negative
1673,positive
1674,negative
1675,positive
1676,negative
1677,negative
1678,positive
1679,positive
1680,positive
1681,negative
1682,negative
1683,negative
1684,positive
1685,positive
1686,positive
1687,positive
1688,positive
1689,negative
1690,negative
1691,positive
1692,positive
1693,negative
1694,positive
1695,positive
1696,negative
1697,negative
1698,positive
1699,positive
1700,positive
1701,positive
1702,positive
1703,positive
1704,positive
1705,negative
1706,positive
1707,positive
1708,negative
1709,positive
1710,positive
1711,positive
1712,positive
1713,positive
1714,negative
1715,positive
1716,positive
1717,positive
1718,positive
1719,positive
1720,neutral
1721,positive
1722,positive
1723,positive
1724,negative
1725,positive
1726,negative
1727,positive
1728,negative
1729,positive
1730,positive
1731,positive
1732,positive
1733,positive
1734,positive
1735,positive
1736,positive
1737,negative
1738,positive
1739,negative
1740,negative
1741,positive
1742,positive
1743,negative
1744,positive
1745,positive
1746,positive
1747,positive
1748,positive
1749,positive
1750,neutral
1751,positive
1752,positive
1753,positive
1754,positive
1755,positive
1756,positive
1757,positive
1758,negative
1759,positive
1760,positive
1761,neutral
1762,positive
1763,positive
1764,neutral
1765,negative
1766,positive
1767,positive
1768,positive
1769,positive
1770,positive
1771,negative
1772,positive
1773,negative
1774,positive
1775,positive
1776,positive
1777,negative
1778,positive
1779,positive
1780,positive
1781,negative
1782,positive
1783,positive
1784,negative
1785,positive
1786,negative
1787,positive
1788,positive
1789,negative
1790,negative
1791,positive
1792,negative
1793,positive
1794,positive
1795,positive
1796,positive
1797,negative
1798,positive
1799,positive
1800,positive
1801,positive
1802,negative
1803,positive
1804,positive
1805,negative
1806,positive
1807,positive
1808,positive
1809,negative
1810,negative
1811,negative
1812,positive
1813,positive
1814,positive
1815,negative
1816,positive
1817,negative
1818,negative
1819,positive
1820,positive
1821,positive
1822,positive
1823,negative
1824,negative
1825,positive
1826,negative
1827,positive
1828,positive
1829,negative
1830,positive
1831,positive
1832,positive
1833,negative
1834,positive
1835,negative
1836,negative
1837,positive
1838,positive
1839,negative
1840,positive
1841,positive
1842,positive
1843,positive
1844,positive
1845,positive
1846,negative
1847,positive
1848,positive
1849,negative
1850,positive
1851,negative
1852,positive
1853,positive
1854,positive
1855,negative
1856,negative
1857,negative
1858,positive
1859,positive
1860,positive
1861,positive
1862,positive
1863,positive
1864,positive
1865,positive
1866,positive
1867,positive
1868,positive
1869,positive
1870,negative
1871,negative
1872,positive
1873,negative
1874,positive
1875,neutral
1876,negative
1877,negative
1878,positive
1879,negative
1880,positive
1881,positive
1882,positive
1883,positive
1884,positive
1885,positive
1886,positive
1887,positive
1888,positive
1889,negative
1890,positive
1891,positive
1892,positive
1893,positive
1894,positive
1895,positive
1896,negative
1897,positive
1898,positive
1899,negative
1900,positive
1901,positive
1902,positive
1903,positive
1904,positive
1905,negative
1906,positive
1907,positive
1908,positive
1909,positive
1910,positive
1911,negative
1912,positive
1913,negative
1914,positive
1915,positive
1916,positive
1917,positive
1918,positive
1919,positive
1920,positive
1921,positive
1922,negative
1923,positive
1924,negative
1925,positive
1926,positive
1927,negative
1928,positive
1929,positive
1930,positive
1931,positive
1932,positive
1933,positive
1934,positive
1935,positive
1936,negative
1937,positive
1938,negative
1939,positive
1940,negative
1941,positive
1942,negative
1943,positive
1944,negative
1945,negative
1946,positive
1947,positive
1948,positive
1949,positive
1950,negative
1951,positive
1952,positive
1953,positive
1954,negative
1955,positive
1956,negative
1957,positive
1958,positive
1959,positive
1960,positive
1961,negative
1962,neutral
1963,negative
1964,positive
1965,positive
1966,negative
1967,positive
1968,positive
1969,positive
1970,negative
1971,positive
1972,positive
1973,positive
1974,positive
1975,positive
1976,positive
1977,positive
1978,positive
1979,positive
1980,negative
1981,positive
1982,positive
1983,negative
1984,positive
1985,positive
1986,negative
1987,positive
1988,negative
1989,positive
1990,positive
1991,negative
1992,positive
1993,positive
1994,positive
1995,positive
1996,negative
1997,positive
1998,positive
1999,positive
2000,negative
2001,negative
2002,negative
2003,negative
2004,neutral
2005,negative
2006,positive
2007,positive
2008,positive
2009,positive
2010,positive
2011,negative
2012,negative
2013,positive
2014,positive
2015,positive
2016,negative
2017,negative
2018,positive
2019,positive
2020,positive
2021,negative
2022,negative
2023,neutral
2024,positive
2025,positive
2026,positive
2027,negative
2028,positive
2029,negative
2030,positive
2031,positive
2032,positive
2033,positive
2034,positive
2035,positive
2036,negative
2037,positive
2038,positive
2039,positive
2040,negative
2041,positive
2042,positive
2043,positive
2044,positive
2045,positive
2046,negative
2047,positive
2048,positive
2049,positive
2050,positive
2051,negative
2052,positive
2053,negative
2054,positive
2055,positive
2056,positive
2057,positive
2058,positive
2059,positive
2060,positive
2061,positive
2062,positive
2063,negative
2064,positive
2065,positive
2066,positive
2067,positive
2068,positive
2069,negative
2070,positive
2071,positive
2072,negative
2073,positive
2074,positive
2075,positive
2076,positive
2077,positive
2078,positive
2079,positive
2080,negative
2081,positive
2082,positive
2083,negative
2084,negative
2085,positive
2086,positive
2087,positive
2088,positive
2089,positive
2090,negative
2091,negative
2092,positive
2093,positive
2094,negative
2095,positive
2096,positive
2097,negative
2098,negative
2099,positive
2100,negative
2101,positive
2102,positive
2103,positive
2104,positive
2105,positive
2106,negative
2107,positive
2108,positive
2109,positive
2110,positive
2111,negative
2112,neutral
2113,negative
2114,negative
2115,positive
2116,positive
2117,negative
2118,positive
2119,positive
2120,positive
2121,positive
2122,positive
2123,negative
2124,negative
2125,positive
2126,negative
2127,positive
2128,positive
2129,positive
2130,positive
2131,positive
2132,positive
2133,neutral
2134,negative
2135,negative
2136,negative
2137,positive
2138,positive
2139,positive
2140,positive
2141,positive
2142,positive
2143,neutral
2144,positive
2145,positive
2146,positive
2147,positive
2148,positive
2149,positive
2150,positive
2151,positive
2152,positive
2153,negative
2154,positive
2155,positive
2156,positive
2157,positive
2158,positive
2159,positive
2160,positive
2161,negative
2162,negative
2163,negative
2164,positive
2165,positive
2166,positive
2167,neutral
2168,positive
2169,negative
2170,positive
2171,positive
2172,negative
2173,positive
2174,positive
2175,positive
2176,negative
2177,negative
2178,positive
2179,positive
2180,positive
2181,positive
2182,positive
2183,positive
2184,positive
2185,positive
2186,negative
2187,negative
2188,positive
2189,positive
2190,positive
2191,positive
2192,positive
2193,positive
2194,positive
2195,positive
2196,positive
2197,negative
2198,positive
2199,positive
2200,negative
2201,positive
2202,negative
2203,negative
2204,positive
2205,positive
2206,positive
2207,positive
2208,positive
2209,positive
2210,negative
2211,positive
2212,positive
2213,positive
2214,positive
2215,negative
2216,negative
2217,positive
2218,negative
2219,positive
2220,negative
2221,positive
2222,negative
2223,positive
2224,positive
2225,positive
2226,positive
2227,positive
2228,positive
2229,negative
2230,positive
2231,positive
2232,positive
2233,positive
2234,positive
2235,positive
2236,negative
2237,positive
2238,positive
2239,positive
2240,positive
2241,positive
2242,negative
2243,negative
2244,positive
2245,positive
2246,positive
2247,positive
2248,positive
2249,positive
2250,positive
2251,negative
2252,positive
2253,negative
2254,negative
2255,negative
2256,positive
2257,positive
2258,positive
2259,positive
2260,positive
2261,positive
2262,positive
2263,positive
2264,positive
2265,positive
2266,negative
2267,positive
2268,positive
2269,positive
2270,positive
2271,positive
2272,positive
2273,negative
2274,positive
2275,positive
2276,positive
2277,positive
2278,positive
2279,negative
2280,positive
2281,negative
2282,positive
2283,positive
2284,negative
2285,positive
2286,negative
2287,positive
2288,positive
2289,positive
2290,negative
2291,positive
2292,positive
2293,negative
2294,positive
2295,positive
2296,positive
2297,positive
2298,positive
2299,positive
2300,positive
2301,positive
2302,positive
2303,neutral
2304,positive
2305,positive
2306,positive
2307,positive
2308,positive
2309,positive
2310,positive
2311,positive
2312,positive
2313,negative
2314,positive
2315,negative
2316,negative
2317,positive
2318,positive
2319,negative
2320,positive
2321,positive
2322,negative
2323,positive
2324,negative
2325,negative
2326,positive
2327,negative
2328,positive
2329,positive
2330,positive
2331,negative
2332,neutral
2333,negative
2334,positive
2335,positive
2336,positive
2337,positive
2338,negative
2339,positive
2340,positive
2341,positive
2342,positive
2343,negative
2344,positive
2345,negative
2346,negative
2347,positive
2348,positive
2349,negative
2350,positive
2351,positive
2352,negative
2353,positive
2354,positive
2355,positive
2356,positive
2357,positive
2358,positive
2359,positive
2360,negative
2361,positive
2362,negative
2363,positive
2364,negative
2365,positive
2366,positive
2367,positive
2368,positive
2369,positive
2370,negative
2371,negative
2372,negative
2373,negative
2374,positive
2375,negative
2376,positive
2377,negative
2378,positive
2379,positive
2380,positive
2381,positive
2382,positive
2383,negative
2384,positive
2385,positive
2386,positive
2387,negative
2388,positive
2389,positive
2390,negative
2391,positive
2392,neutral
2393,positive
2394,positive
2395,positive
2396,positive
2397,negative
2398,positive
2399,positive
2400,positive
2401,positive
2402,positive
2403,negative
2404,positive
2405,positive
2406,negative
2407,positive
2408,positive
2409,positive
2410,positive
2411,positive
2412,negative
2413,positive
2414,positive
2415,positive
2416,positive
2417,negative
2418,negative
2419,positive
2420,negative
2421,positive
2422,positive
2423,positive
2424,positive
2425,negative
2426,negative
2427,negative
2428,positive
2429,positive
2430,negative
2431,positive
2432,negative
2433,positive
2434,positive
2435,positive
2436,positive
2437,neutral
2438,positive
2439,positive
2440,negative
2441,positive
2442,positive
2443,positive
2444,positive
2445,negative
2446,positive
2447,positive
2448,positive
2449,positive
2450,positive
2451,positive
2452,positive
2453,negative
2454,positive
2455,positive
2456,positive
2457,negative
2458,positive
2459,positive
2460,negative
2461,positive
2462,negative
2463,positive
2464,positive
2465,positive
2466,neutral
2467,negative
2468,negative
2469,positive
2470,positive
2471,positive
2472,positive
2473,positive
2474,negative
2475,positive
2476,negative
2477,positive
2478,positive
2479,positive
2480,negative
2481,negative
2482,positive
2483,negative
2484,positive
2485,negative
2486,negative
2487,positive
2488,positive
2489,negative
2490,positive
2491,positive
2492,positive
2493,negative
2494,positive
2495,positive
2496,positive
2497,positive
2498,negative
2499,positive
2500,positive
2501,negative
2502,positive
2503,negative
2504,positive
2505,positive
2506,positive
2507,positive
2508,negative
2509,negative
2510,positive
2511,neutral
2512,positive
2513,negative
2514,positive
2515,positive
2516,positive
2517,positive
2518,positive
2519,positive
2520,positive
2521,positive
2522,negative
2523,positive
2524,positive
2525,positive
2526,positive
2527,negative
2528,positive
2529,positive
2530,positive
2531,positive
2532,positive
2533,positive
2534,positive
2535,positive
2536,negative
2537,positive
2538,positive
2539,positive
2540,positive
2541,positive
2542,positive
2543,positive
2544,positive
2545,positive
2546,positive
2547,positive
2548,positive
2549,positive
2550,positive
2551,positive
2552,positive
2553,positive
2554,positive
2555,positive
2556,negative
2557,negative
2558,neutral
2559,positive
2560,negative
2561,positive
2562,positive
2563,negative
2564,negative
2565,positive
2566,negative
2567,negative
2568,negative
2569,positive
2570,positive
2571,positive
2572,positive
2573,negative
2574,positive
2575,positive
2576,negative
2577,positive
2578,positive
2579,positive
2580,neutral
2581,positive
2582,negative
2583,positive
2584,positive
2585,negative
2586,positive
2587,negative
2588,negative
2589,positive
2590,positive
2591,positive
2592,negative
2593,positive
2594,positive
2595,positive
2596,positive
2597,positive
2598,positive
2599,positive
2600,positive
2601,positive
2602,negative
2603,positive
2604,negative
2605,positive
2606,negative
2607,positive
2608,positive
2609,positive
2610,positive
2611,positive
2612,negative
2613,positive
2614,positive
2615,neutral
2616,positive
2617,positive
2618,positive
2619,negative
2620,negative
2621,positive
2622,negative
2623,positive
2624,negative
2625,positive
2626,positive
2627,negative
2628,positive
2629,negative
2630,negative
2631,positive
2632,positive
2633,positive
2634,negative
2635,positive
2636,negative
2637,positive
2638,positive
2639,negative
2640,positive
2641,positive
2642,negative
2643,positive
2644,negative
2645,positive
2646,positive
2647,negative
2648,positive
2649,positive
2650,positive
2651,negative
2652,positive
2653,positive
2654,positive
2655,positive
2656,positive
2657,negative
2658,positive
2659,positive
2660,positive
2661,negative
2662,positive
2663,positive
2664,positive
2665,negative
2666,positive
2667,neutral
2668,negative
2669,negative
2670,positive
2671,positive
2672,positive
2673,neutral
2674,positive
2675,positive
2676,positive
2677,negative
2678,negative
2679,positive
2680,negative
2681,positive
2682,positive
2683,negative
2684,negative
2685,neutral
2686,negative
2687,negative
2688,negative
2689,positive
2690,positive
2691,positive
2692,negative
2693,positive
2694,positive
2695,positive
2696,negative
2697,positive
2698,positive
2699,positive
2700,positive
2701,positive
2702,positive
2703,positive
2704,positive
2705,neutral
2706,positive
2707,negative
2708,positive
2709,negative
2710,positive
2711,positive
2712,positive
2713,negative
2714,negative
2715,positive
2716,positive
2717,negative
2718,positive
2719,positive
2720,positive
2721,positive
2722,negative
2723,negative
2724,positive
2725,positive
2726,positive
2727,positive
2728,negative
2729,negative
2730,negative
2731,negative
2732,positive
2733,negative
2734,positive
2735,positive
2736,negative
2737,positive
2738,positive
2739,negative
2740,positive
2741,negative
2742,positive
2743,negative
2744,positive
2745,negative
2746,positive
2747,positive
2748,positive
2749,negative
2750,negative
2751,negative
2752,negative
2753,neutral
2754,positive
2755,positive
2756,positive
2757,positive
2758,negative
2759,positive
2760,positive
2761,negative
2762,positive
2763,positive
2764,positive
2765,positive
2766,positive
2767,positive
2768,positive
2769,positive
2770,positive
2771,positive
2772,positive
2773,negative
2774,negative
2775,positive
2776,positive
2777,positive
2778,positive
2779,positive
2780,positive
2781,negative
2782,positive
2783,positive
2784,positive
2785,negative
2786,positive
2787,positive
2788,positive
2789,positive
2790,positive
2791,positive
2792,negative
2793,positive
2794,negative
2795,negative
2796,positive
2797,positive
2798,negative
2799,positive
2800,negative
2801,positive
2802,positive
2803,positive
2804,positive
2805,positive
2806,positive
2807,positive
2808,negative
2809,positive
2810,negative
2811,positive
2812,negative
2813,negative
2814,negative
2815,negative
2816,positive
2817,positive
2818,negative
2819,positive
2820,positive
2821,positive
2822,positive
2823,positive
2824,negative
2825,negative
2826,positive
2827,positive
2828,positive
2829,positive
2830,positive
2831,positive
2832,positive
2833,negative
2834,negative
2835,positive
2836,positive
2837,negative
2838,negative
2839,negative
2840,negative
2841,negative
2842,positive
2843,positive
2844,negative
2845,positive
2846,positive
2847,negative
2848,positive
2849,positive
2850,positive
2851,positive
2852,positive
2853,negative
2854,positive
2855,negative
2856,negative
2857,positive
2858,positive
2859,positive
2860,positive
2861,negative
2862,positive
2863,positive
2864,positive
2865,negative
2866,positive
2867,positive
2868,positive
2869,positive
2870,positive
2871,negative
2872,positive
2873,positive
2874,negative
2875,positive
2876,positive
2877,positive
2878,positive
2879,positive
2880,positive
2881,negative
2882,negative
2883,positive
2884,positive
2885,positive
2886,positive
2887,positive
2888,negative
2889,positive
2890,positive
2891,positive
2892,positive
2893,negative
2894,negative
2895,positive
2896,negative
2897,positive
2898,positive
2899,positive
2900,neutral
2901,positive
2902,positive
2903,positive
2904,positive
2905,positive
2906,positive
2907,negative
2908,positive
2909,positive
2910,positive
2911,positive
2912,negative
2913,positive
2914,positive
2915,negative
2916,positive
2917,positive
2918,positive
2919,positive
2920,negative
2921,positive
2922,positive
2923,positive
2924,negative
2925,negative
2926,positive
2927,positive
2928,positive
2929,negative
2930,positive
2931,positive
2932,negative
2933,positive
2934,positive
2935,positive
2936,negative
2937,negative
2938,positive
2939,positive
2940,positive
2941,positive
2942,negative
2943,positive
2944,positive
2945,negative
2946,negative
2947,positive
2948,negative
2949,positive
2950,positive
2951,negative
2952,positive
2953,positive
2954,positive
2955,negative
2956,positive
2957,positive
2958,positive
2959,positive
2960,negative
2961,negative
2962,positive
2963,positive
2964,negative
2965,positive
2966,positive
2967,positive
2968,negative
2969,positive
2970,positive
2971,positive
2972,positive
2973,positive
2974,positive
2975,positive
2976,positive
2977,positive
2978,positive
2979,positive
2980,negative
2981,negative
2982,negative
2983,positive
2984,negative
2985,negative
2986,positive
2987,positive
2988,positive
2989,negative
2990,negative
2991,positive
2992,positive
2993,negative
2994,positive
2995,negative
2996,positive
2997,negative
2998,positive
2999,positive
3000,negative
3001,positive
3002,positive
3003,negative
3004,positive
3005,positive
3006,positive
3007,positive
3008,positive
3009,positive
3010,negative
3011,positive
3012,positive
3013,positive
3014,neutral
3015,positive
3016,positive
3017,positive
3018,positive
3019,positive
3020,negative
3021,positive
3022,positive
3023,positive
3024,positive
3025,positive
3026,positive
3027,positive
3028,positive
3029,positive
3030,positive
3031,positive
3032,positive
3033,positive
3034,positive
3035,negative
3036,negative
3037,negative
3038,negative
3039,negative
3040,positive
3041,positive
3042,positive
3043,positive
3044,positive
3045,positive
3046,positive
3047,negative
3048,positive
3049,positive
3050,positive
3051,positive
3052,negative
3053,negative
3054,positive
3055,negative
3056,positive
3057,negative
3058,positive
3059,positive
3060,negative
3061,negative
3062,positive
3063,positive
3064,negative
3065,negative
3066,positive
3067,negative
3068,negative
3069,negative
3070,positive
3071,positive
3072,negative
3073,positive
3074,negative
3075,positive
3076,negative
3077,negative
3078,negative
3079,positive
3080,negative
3081,positive
3082,positive
3083,positive
3084,positive
3085,positive
3086,positive
3087,positive
3088,negative
3089,negative
3090,positive
3091,positive
3092,negative
3093,positive
3094,negative
3095,positive
3096,positive
3097,positive
3098,negative
3099,positive
3100,negative
3101,positive
3102,positive
3103,positive
3104,positive
3105,positive
3106,negative
3107,negative
3108,positive
3109,negative
3110,positive
3111,positive
3112,negative
3113,positive
3114,positive
3115,positive
3116,positive
3117,positive
3118,positive
3119,positive
3120,negative
3121,positive
3122,positive
3123,negative
3124,positive
3125,positive
3126,positive
3127,positive
3128,positive
3129,positive
3130,positive
3131,positive
3132,positive
3133,positive
3134,positive
3135,positive
3136,positive
3137,positive
3138,negative
3139,positive
3140,positive
3141,negative
3142,negative
3143,positive
3144,positive
3145,positive
3146,positive
3147,positive
3148,positive
3149,negative
3150,positive
3151,positive
3152,positive
3153,positive
3154,positive
3155,negative
3156,negative
3157,positive
3158,positive
3159,negative
3160,positive
3161,positive
3162,positive
3163,positive
3164,positive
3165,positive
3166,positive
3167,positive
3168,positive
3169,negative
3170,positive
3171,positive
3172,negative
3173,negative
3174,positive
3175,positive
3176,positive
3177,neutral
3178,positive
3179,positive
3180,positive
3181,positive
3182,negative
3183,positive
3184,negative
3185,positive
3186,positive
3187,positive
3188,positive
3189,negative
3190,positive
3191,positive
3192,positive
3193,negative
3194,positive
3195,negative
3196,positive
3197,positive
3198,negative
3199,negative
3200,negative
3201,negative
3202,positive
3203,positive
3204,positive
3205,negative
3206,positive
3207,positive
3208,positive
3209,positive
3210,positive
3211,negative
3212,negative
3213,positive
3214,positive
3215,negative
3216,positive
3217,negative
3218,negative
3219,positive
3220,positive
3221,positive
3222,positive
3223,positive
3224,positive
3225,positive
3226,positive
3227,positive
3228,negative
3229,positive
3230,negative
3231,negative
3232,negative
3233,positive
3234,positive
3235,positive
3236,negative
3237,negative
3238,positive
3239,negative
3240,positive
3241,neutral
3242,positive
3243,positive
3244,positive
3245,positive
3246,positive
3247,positive
3248,negative
3249,negative
3250,positive
3251,positive
3252,positive
3253,positive
3254,negative
3255,negative
3256,positive
3257,positive
3258,positive
3259,negative
3260,positive
3261,positive
3262,positive
3263,positive
3264,negative
3265,positive
3266,neutral
3267,negative
3268,positive
3269,negative
3270,negative
3271,positive
3272,positive
3273,positive
3274,positive
3275,positive
3276,positive
3277,positive
3278,positive
3279,positive
3280,positive
3281,positive
3282,positive
3283,positive
3284,positive
3285,negative
3286,positive
3287,negative
3288,positive
3289,positive
3290,negative
3291,positive
3292,negative
3293,positive
3294,positive
3295,positive
3296,positive
3297,negative
3298,positive
3299,positive
3300,positive
3301,positive
3302,positive
3303,negative
3304,positive
3305,positive
3306,positive
3307,positive
3308,positive
3309,positive
3310,negative
3311,positive
3312,positive
3313,positive
3314,negative
3315,positive
3316,positive
3317,negative
3318,positive
3319,positive
3320,positive
3321,positive
3322,positive
3323,positive
3324,positive
3325,negative
3326,negative
3327,positive
3328,negative
3329,positive
3330,negative
3331,positive
3332,positive
3333,negative
3334,positive
3335,positive
3336,negative
3337,positive
3338,positive
3339,negative
3340,negative
3341,positive
3342,positive
3343,negative
3344,negative
3345,negative
3346,positive
3347,negative
3348,positive
3349,positive
3350,positive
3351,negative
3352,neutral
3353,positive
3354,negative
3355,positive
3356,negative
3357,positive
3358,negative
3359,positive
3360,positive
3361,positive
3362,positive
3363,negative
3364,positive
3365,positive
3366,positive
3367,positive
3368,negative
3369,positive
3370,neutral
3371,neutral
3372,positive
3373,positive
3374,negative
3375,positive
3376,negative
3377,negative
3378,positive
3379,positive
3380,positive
3381,negative
3382,negative
3383,positive
3384,positive
3385,positive
3386,positive
3387,negative
3388,negative
3389,positive
3390,positive
3391,positive
3392,positive
3393,positive
3394,negative
3395,positive
3396,negative
3397,negative
3398,positive
3399,negative
3400,positive
3401,positive
3402,positive
3403,positive
3404,positive
3405,negative
3406,positive
3407,negative
3408,positive
3409,positive
3410,positive
3411,positive
3412,positive
3413,positive
3414,positive
3415,positive
3416,positive
3417,negative
3418,negative
3419,positive
3420,positive
3421,positive
3422,negative
3423,negative
3424,positive
3425,negative
3426,positive
3427,positive
3428,positive
3429,positive
3430,positive
3431,positive
3432,positive
3433,negative
3434,positive
3435,positive
3436,positive
3437,negative
3438,positive
3439,positive
3440,negative
3441,positive
3442,positive
3443,negative
3444,negative
3445,positive
3446,positive
3447,positive
3448,positive
3449,positive
3450,positive
3451,negative
3452,positive
3453,negative
3454,positive
3455,positive
3456,positive
3457,positive
3458,positive
3459,positive
3460,positive
3461,positive
3462,negative
3463,positive
3464,positive
3465,positive
3466,positive
3467,positive
3468,positive
3469,positive
3470,positive
3471,positive
3472,positive
3473,positive
3474,positive
3475,positive
3476,positive
3477,negative
3478,positive
3479,positive
3480,neutral
3481,positive
3482,positive
3483,negative
3484,negative
3485,positive
3486,positive
3487,positive
3488,positive
3489,positive
3490,positive
3491,positive
3492,positive
3493,positive
3494,positive
3495,positive
3496,positive
3497,positive
3498,positive
3499,positive
3500,positive
3501,negative
3502,positive
3503,positive
3504,positive
3505,positive
3506,positive
3507,negative
3508,positive
3509,positive
3510,negative
3511,positive
3512,positive
3513,positive
3514,negative
3515,positive
3516,positive
3517,negative
3518,positive
3519,positive
3520,positive
3521,positive
3522,positive
3523,positive
3524,negative
3525,positive
3526,positive
3527,positive
3528,positive
3529,negative
3530,negative
3531,positive
3532,neutral
3533,negative
3534,positive
3535,positive
3536,negative
3537,positive
3538,positive
3539,positive
3540,positive
3541,negative
3542,positive
3543,positive
3544,positive
3545,positive
3546,positive
3547,positive
3548,positive
3549,negative
3550,negative
3551,negative
3552,negative
3553,negative
3554,positive
3555,positive
3556,positive
3557,positive
3558,positive
3559,positive
3560,positive
3561,positive
3562,positive
3563,negative
3564,negative
3565,negative
3566,negative
3567,positive
3568,negative
3569,positive
3570,negative
3571,positive
3572,negative
3573,positive
3574,positive
3575,positive
3576,positive
3577,positive
3578,positive
3579,negative
3580,positive
3581,positive
3582,positive
3583,negative
3584,negative
3585,positive
3586,positive
3587,positive
3588,positive
3589,negative
3590,positive
3591,positive
3592,negative
3593,positive
3594,positive
3595,positive
3596,negative
3597,positive
3598,positive
3599,negative
3600,negative
3601,positive
3602,positive
3603,negative
3604,positive
3605,positive
3606,positive
3607,positive
3608,positive
3609,positive
3610,positive
3611,positive
3612,negative
3613,neutral
3614,positive
3615,positive
3616,positive
3617,negative
3618,positive
3619,positive
3620,negative
3621,positive
3622,positive
3623,positive
3624,positive
3625,negative
3626,positive
3627,negative
3628,positive
3629,negative
3630,negative
3631,positive
3632,positive
3633,positive
3634,negative
3635,negative
3636,positive
3637,positive
3638,negative
3639,positive
3640,negative
3641,positive
3642,positive
3643,positive
3644,positive
3645,positive
3646,positive
3647,positive
3648,negative
3649,positive
3650,positive
3651,positive
3652,negative
3653,positive
3654,positive
3655,positive
3656,positive
3657,positive
3658,negative
3659,negative
3660,positive
3661,positive
3662,negative
3663,negative
3664,positive
3665,positive
3666,positive
3667,negative
3668,positive
3669,positive
3670,negative
3671,positive
3672,negative
3673,positive
3674,positive
3675,positive
3676,positive
3677,positive
3678,positive
3679,positive
3680,positive
3681,positive
3682,positive
3683,negative
3684,positive
3685,negative
3686,positive
3687,positive
3688,negative
3689,positive
3690,positive
3691,positive
3692,positive
3693,neutral
3694,negative
3695,positive
3696,positive
3697,negative
3698,positive
3699,negative
3700,positive
3701,negative
3702,negative
3703,negative
3704,positive
3705,negative
3706,positive
3707,neutral
3708,positive
3709,positive
3710,positive
3711,negative
3712,positive
3713,positive
3714,positive
3715,negative
3716,negative
3717,positive
3718,negative
3719,positive
3720,positive
3721,positive
3722,positive
3723,positive
3724,negative
3725,positive
3726,negative
3727,positive
3728,negative
3729,negative
3730,positive
3731,positive
3732,negative
3733,negative
3734,negative
3735,positive
3736,positive
3737,positive
3738,positive
3739,positive
3740,positive
3741,positive
3742,positive
3743,negative
3744,positive
3745,negative
3746,negative
3747,negative
3748,negative
3749,positive
3750,positive
3751,positive
3752,positive
3753,positive
3754,negative
3755,positive
3756,positive
3757,positive
3758,positive
3759,positive
3760,positive
3761,positive
3762,positive
3763,negative
3764,negative
3765,positive
3766,positive
3767,positive
3768,negative
3769,positive
3770,negative
3771,positive
3772,negative
3773,positive
3774,negative
3775,negative
3776,negative
3777,positive
3778,negative
3779,positive
3780,positive
3781,positive
3782,positive
3783,positive
3784,positive
3785,positive
3786,positive
3787,positive
3788,positive
3789,negative
3790,positive
3791,positive
3792,positive
3793,positive
3794,positive
3795,negative
3796,positive
3797,positive
3798,positive
3799,positive
3800,positive
3801,negative
3802,positive
3803,negative
3804,positive
3805,negative
3806,positive
3807,negative
3808,positive
3809,positive
3810,positive
3811,positive
3812,negative
3813,negative
3814,positive
3815,negative
3816,positive
3817,positive
3818,positive
3819,positive
3820,negative
3821,negative
3822,negative
3823,positive
3824,positive
3825,positive
3826,positive
3827,positive
3828,negative
3829,positive
3830,negative
3831,positive
3832,negative
3833,positive
3834,positive
3835,negative
3836,positive
3837,neutral
3838,positive
3839,positive
3840,positive
3841,positive
3842,negative
3843,positive
3844,positive
3845,positive
3846,positive
3847,positive
3848,positive
3849,positive
3850,positive
3851,positive
3852,negative
3853,positive
3854,positive
3855,negative
3856,negative
3857,positive
3858,positive
3859,positive
3860,negative
3861,positive
3862,positive
3863,positive
3864,positive
3865,negative
3866,negative
3867,positive
3868,negative
3869,positive
3870,negative
3871,positive
3872,negative
3873,negative
3874,positive
3875,negative
3876,positive
3877,positive
3878,negative
3879,positive
3880,positive
3881,positive
3882,positive
3883,negative
3884,positive
3885,positive
3886,positive
3887,positive
3888,negative
3889,positive
3890,positive
3891,positive
3892,negative
3893,positive
3894,negative
3895,positive
3896,positive
3897,positive
3898,negative
3899,positive
3900,positive
3901,positive
3902,negative
3903,positive
3904,positive
3905,positive
3906,positive
3907,positive
3908,positive
3909,positive
3910,positive
3911,negative
3912,negative
3913,positive
3914,negative
3915,positive
3916,positive
3917,positive
3918,negative
3919,positive
3920,negative
3921,negative
3922,negative
3923,negative
3924,positive
3925,positive
3926,negative
3927,positive
3928,positive
3929,positive
3930,positive
3931,positive
3932,negative
3933,negative
3934,negative
3935,positive
3936,negative
3937,positive
3938,positive
3939,positive
3940,positive
3941,positive
3942,positive
3943,positive
3944,positive
3945,positive
3946,positive
3947,positive
3948,positive
3949,negative
3950,positive
3951,positive
3952,positive
3953,positive
3954,positive
3955,positive
3956,positive
3957,positive
3958,negative
3959,negative
3960,negative
3961,positive
3962,negative
3963,negative
3964,negative
3965,positive
3966,negative
3967,positive
3968,negative
3969,positive
3970,positive
3971,neutral
3972,negative
3973,positive
3974,negative
3975,negative
3976,positive
3977,positive
3978,positive
3979,negative
3980,negative
3981,negative
3982,negative
3983,positive
3984,positive
3985,positive
3986,negative
3987,positive
3988,positive
3989,positive
3990,negative
3991,positive
3992,positive
3993,positive
3994,positive
3995,positive
3996,negative
3997,positive
3998,negative
3999,negative
4000,positive
4001,positive
4002,negative
4003,negative
4004,positive
4005,positive
4006,positive
4007,positive
4008,positive
4009,negative
4010,negative
4011,positive
4012,positive
4013,positive
4014,positive
4015,positive
4016,positive
4017,positive
4018,positive
4019,positive
4020,positive
4021,positive
4022,positive
4023,positive
4024,positive
4025,positive
4026,negative
4027,positive
4028,positive
4029,negative
4030,positive
4031,negative
4032,positive
4033,positive
4034,positive
4035,positive
4036,negative
4037,positive
4038,negative
4039,positive
4040,negative
4041,positive
4042,positive
4043,negative
4044,positive
4045,positive
4046,positive
4047,negative
4048,negative
4049,positive
4050,positive
4051,positive
4052,positive
4053,positive
4054,negative
4055,negative
4056,negative
4057,positive
4058,negative
4059,negative
4060,positive
4061,positive
4062,negative
4063,positive
4064,positive
4065,positive
4066,positive
4067,positive
4068,positive
4069,positive
4070,positive
4071,positive
4072,positive
4073,negative
4074,positive
4075,positive
4076,positive
4077,positive
4078,positive
4079,positive
4080,negative
4081,positive
4082,positive
4083,positive
4084,positive
4085,positive
4086,negative
4087,negative
4088,positive
4089,positive
4090,positive
4091,positive
4092,positive
4093,positive
4094,negative
4095,positive
4096,positive
4097,positive
4098,positive
4099,positive
4100,negative
4101,negative
4102,negative
4103,positive
4104,negative
4105,positive
4106,positive
4107,positive
4108,positive
4109,positive
4110,positive
4111,positive
4112,positive
4113,negative
4114,positive
4115,positive
4116,positive
4117,positive
4118,positive
4119,positive
4120,negative
4121,positive
4122,negative
4123,negative
4124,positive
4125,positive
4126,positive
4127,positive
4128,positive
4129,positive
4130,positive
4131,negative
4132,positive
4133,positive
4134,positive
4135,positive
4136,positive
4137,negative
4138,positive
4139,positive
4140,negative
4141,negative
4142,negative
4143,positive
4144,positive
4145,positive
4146,positive
4147,positive
4148,positive
4149,negative
4150,positive
4151,positive
4152,positive
4153,negative
4154,positive
4155,negative
4156,positive
4157,negative
4158,positive
4159,positive
4160,positive
4161,negative
4162,negative
4163,negative
4164,positive
4165,positive
4166,negative
4167,positive
4168,positive
4169,positive
4170,negative
4171,negative
4172,positive
4173,positive
4174,negative
4175,positive
4176,positive
4177,negative
4178,positive
4179,positive
4180,negative
4181,negative
4182,positive
4183,negative
4184,negative
4185,positive
4186,positive
4187,positive
4188,positive
4189,negative
4190,positive
4191,positive
4192,positive
4193,positive
4194,positive
4195,positive
4196,positive
4197,positive
4198,negative
4199,negative
4200,positive
4201,negative
4202,positive
4203,positive
4204,positive
4205,positive
4206,positive
4207,positive
4208,positive
4209,positive
4210,positive
4211,positive
4212,positive
4213,negative
4214,positive
4215,positive
4216,positive
4217,negative
4218,positive
4219,positive
4220,positive
4221,positive
4222,positive
4223,positive
4224,positive
4225,negative
4226,positive
4227,positive
4228,positive
4229,positive
4230,negative
4231,positive
4232,negative
4233,positive
4234,negative
4235,negative
4236,positive
4237,positive
4238,positive
4239,positive
4240,positive
4241,positive
4242,neutral
4243,negative
4244,negative
4245,positive
4246,positive
4247,positive
4248,negative
4249,negative
4250,neutral
4251,negative
4252,positive
4253,positive
4254,negative
4255,positive
4256,positive
4257,positive
4258,positive
4259,positive
4260,positive
4261,positive
4262,positive
4263,positive
4264,positive
4265,positive
4266,neutral
4267,negative
4268,positive
4269,positive
4270,positive
4271,positive
4272,positive
4273,positive
4274,positive
4275,positive
4276,positive
4277,negative
4278,positive
4279,negative
4280,positive
4281,positive
4282,positive
4283,negative
4284,negative
4285,positive
4286,positive
4287,positive
4288,positive
4289,positive
4290,positive
4291,positive
4292,positive
4293,negative
4294,positive
4295,positive
4296,negative
4297,positive
4298,negative
4299,positive
4300,positive
4301,positive
4302,positive
4303,negative
4304,positive
4305,negative
4306,positive
4307,negative
4308,negative
4309,negative
4310,positive
4311,negative
4312,positive
4313,positive
4314,negative
4315,positive
4316,positive
4317,negative
4318,positive
4319,negative
4320,positive
4321,positive
4322,positive
4323,positive
4324,positive
4325,positive
4326,positive
4327,positive
4328,positive
4329,negative
4330,positive
4331,positive
4332,positive
4333,negative
4334,negative
4335,positive
4336,negative
4337,negative
4338,positive
4339,negative
4340,negative
4341,negative
4342,positive
4343,positive
4344,positive
4345,positive
4346,positive
4347,positive
4348,negative
4349,negative
4350,positive
4351,positive
4352,negative
4353,positive
4354,positive
4355,positive
4356,positive
4357,positive
4358,negative
4359,negative
4360,negative
4361,positive
4362,positive
4363,negative
4364,positive
4365,positive
4366,negative
4367,positive
4368,negative
4369,positive
4370,negative
4371,negative
4372,positive
4373,positive
4374,negative
4375,negative
4376,positive
4377,positive
4378,positive
4379,positive
4380,positive
4381,positive
4382,positive
4383,negative
4384,positive
4385,positive
4386,positive
4387,negative
4388,positive
4389,positive
4390,negative
4391,positive
4392,positive
4393,positive
4394,positive
4395,negative
4396,positive
4397,negative
4398,negative
4399,negative
4400,positive
4401,positive
4402,negative
4403,positive
4404,negative
4405,positive
4406,positive
4407,negative
4408,negative
4409,negative
4410,positive
4411,negative
4412,positive
4413,positive
4414,positive
4415,positive
4416,positive
4417,positive
4418,positive
4419,negative
4420,negative
4421,positive
4422,negative
4423,positive
4424,negative
4425,positive
4426,positive
4427,positive
4428,positive
4429,positive
4430,positive
4431,positive
4432,negative
4433,positive
4434,positive
4435,negative
4436,positive
4437,negative
4438,positive
4439,negative
4440,positive
4441,positive
4442,positive
4443,negative
4444,positive
4445,positive
4446,positive
4447,positive
4448,negative
4449,positive
4450,positive
4451,positive
4452,positive
4453,negative
4454,negative
4455,positive
4456,positive
4457,positive
4458,positive
4459,positive
4460,positive
4461,positive
4462,positive
4463,negative
4464,negative
4465,positive
4466,negative
4467,negative
4468,negative
4469,negative
4470,negative
4471,negative
4472,negative
4473,positive
4474,positive
4475,positive
4476,positive
4477,negative
4478,positive
4479,positive
4480,positive
4481,positive
4482,positive
4483,negative
4484,positive
4485,negative
4486,negative
4487,positive
4488,positive
4489,positive
4490,negative
4491,positive
4492,negative
4493,positive
4494,positive
4495,negative
4496,negative
4497,positive
4498,positive
4499,positive
4500,positive
4501,negative
4502,negative
4503,positive
4504,positive
4505,positive
4506,positive
4507,negative
4508,negative
4509,positive
4510,positive
4511,positive
4512,positive
4513,positive
4514,negative
4515,negative
4516,negative
4517,positive
4518,positive
4519,negative
4520,positive
4521,negative
4522,positive
4523,positive
4524,positive
4525,positive
4526,positive
4527,positive
4528,positive
4529,negative
4530,positive
4531,negative
4532,positive
4533,negative
4534,positive
4535,positive
4536,positive
4537,positive
4538,positive
4539,negative
4540,positive
4541,positive
4542,positive
4543,negative
4544,positive
4545,positive
4546,positive
4547,positive
4548,negative
4549,positive
4550,positive
4551,positive
4552,negative
4553,positive
4554,positive
4555,positive
4556,positive
4557,positive
4558,negative
4559,negative
4560,positive
4561,positive
4562,neutral
4563,negative
4564,negative
4565,positive
4566,positive
4567,positive
4568,positive
4569,negative
4570,positive
4571,negative
4572,positive
4573,positive
4574,positive
4575,positive
4576,negative
4577,positive
4578,positive
4579,negative
4580,positive
4581,positive
4582,positive
4583,negative
4584,negative
4585,positive
4586,positive
4587,positive
4588,neutral
4589,positive
4590,positive
4591,positive
4592,positive
4593,positive
4594,positive
4595,positive
4596,positive
4597,positive
4598,positive
4599,positive
4600,positive
4601,positive
4602,positive
4603,positive
4604,negative
4605,positive
4606,positive
4607,positive
4608,positive
4609,negative
4610,positive
4611,positive
4612,positive
4613,positive
4614,negative
4615,negative
4616,negative
4617,positive
4618,positive
4619,negative
4620,positive
4621,positive
4622,negative
4623,positive
4624,positive
4625,positive
4626,positive
4627,positive
4628,neutral
4629,positive
4630,positive
4631,positive
4632,positive
4633,positive
4634,positive
4635,positive
4636,positive
4637,positive
4638,negative
4639,positive
4640,positive
4641,positive
4642,positive
4643,negative
4644,positive
4645,positive
4646,positive
4647,positive
4648,positive
4649,positive
4650,positive
4651,positive
4652,positive
4653,positive
4654,positive
4655,positive
4656,positive
4657,negative
4658,positive
4659,negative
4660,negative
4661,positive
4662,negative
4663,positive
4664,positive
4665,positive
4666,positive
4667,negative
4668,positive
4669,positive
4670,negative
4671,positive
4672,negative
4673,positive
4674,positive
4675,negative
4676,positive
4677,positive
4678,negative
4679,negative
4680,negative
4681,positive
4682,positive
4683,positive
4684,positive
4685,negative
4686,positive
4687,negative
4688,positive
4689,negative
4690,negative
4691,negative
4692,positive
4693,positive
4694,positive
4695,positive
4696,positive
4697,negative
4698,positive
4699,positive
4700,negative
4701,positive
4702,positive
4703,positive
4704,positive
4705,positive
4706,positive
4707,positive
4708,positive
4709,positive
4710,positive
4711,negative
4712,positive
4713,positive
4714,neutral
4715,negative
4716,negative
4717,positive
4718,positive
4719,negative
4720,positive
4721,positive
4722,negative
4723,positive
4724,positive
4725,positive
4726,negative
4727,negative
4728,positive
4729,positive
4730,positive
4731,negative
4732,negative
4733,negative
4734,positive
4735,positive
4736,negative
4737,negative
4738,positive
4739,positive
4740,negative
4741,positive
4742,positive
4743,positive
4744,positive
4745,negative
4746,positive
4747,negative
4748,positive
4749,positive
4750,positive
4751,positive
4752,positive
4753,positive
4754,positive
4755,negative
4756,positive
4757,positive
4758,positive
4759,positive
4760,positive
4761,positive
4762,positive
4763,positive
4764,positive
4765,negative
4766,positive
4767,positive
4768,positive
4769,positive
4770,positive
4771,positive
4772,negative
4773,positive
4774,positive
4775,positive
4776,positive
4777,negative
4778,positive
4779,positive
4780,positive
4781,positive
4782,positive
4783,positive
4784,negative
4785,positive
4786,negative
4787,positive
4788,positive
4789,positive
4790,positive
4791,positive
4792,positive
4793,negative
4794,positive
4795,positive
4796,positive
4797,positive
4798,positive
4799,positive
4800,positive
4801,positive
4802,positive
4803,positive
4804,negative
4805,negative
4806,positive
4807,positive
4808,positive
4809,positive
4810,positive
4811,positive
4812,positive
4813,positive
4814,positive
4815,negative
4816,positive
4817,positive
4818,negative
4819,positive
4820,negative
4821,positive
4822,positive
4823,negative
4824,positive
4825,positive
4826,positive
4827,positive
4828,positive
4829,positive
4830,neutral
4831,positive
4832,negative
4833,positive
4834,positive
4835,negative
4836,positive
4837,positive
4838,positive
4839,positive
4840,positive
4841,negative
4842,positive
4843,negative
4844,negative
4845,negative
4846,positive
4847,negative
4848,positive
4849,positive
4850,positive
4851,positive
4852,positive
4853,positive
4854,positive
4855,positive
4856,positive
4857,negative
4858,positive
4859,positive
4860,negative
4861,positive
4862,positive
4863,positive
4864,positive
4865,positive
4866,positive
4867,positive
4868,negative
4869,positive
4870,positive
4871,negative
4872,positive
4873,negative
4874,positive
4875,negative
4876,positive
4877,positive
4878,positive
4879,positive
4880,positive
4881,positive
4882,positive
4883,positive
4884,positive
4885,positive
4886,positive
4887,positive
4888,positive
4889,positive
4890,negative
4891,positive
4892,positive
4893,positive
4894,negative
4895,positive
4896,positive
4897,positive
4898,negative
4899,positive
4900,positive
4901,positive
4902,positive
4903,positive
4904,positive
4905,positive
4906,negative
4907,positive
4908,positive
4909,negative
4910,positive
4911,positive
4912,negative
4913,negative
4914,positive
4915,negative
4916,positive
4917,positive
4918,positive
4919,positive
4920,positive
4921,negative
4922,negative
4923,positive
4924,negative
4925,positive
4926,negative
4927,negative
4928,positive
4929,negative
4930,negative
4931,positive
4932,positive
4933,positive
4934,positive
4935,negative
4936,positive
4937,positive
4938,positive
4939,negative
4940,positive
4941,positive
4942,negative
4943,negative
4944,positive
4945,positive
4946,positive
4947,positive
4948,positive
4949,negative
4950,negative
4951,negative
4952,negative
4953,negative
4954,positive
4955,positive
4956,positive
4957,negative
4958,positive
4959,positive
4960,positive
4961,positive
4962,positive
4963,positive
4964,positive
4965,negative
4966,positive
4967,negative
4968,positive
4969,positive
4970,positive
4971,negative
4972,positive
4973,positive
4974,negative
4975,negative
4976,positive
4977,positive
4978,positive
4979,positive
4980,positive
4981,negative
4982,positive
4983,positive
4984,positive
4985,positive
4986,positive
4987,positive
4988,neutral
4989,positive
4990,positive
4991,positive
4992,negative
4993,positive
4994,negative
4995,positive
4996,positive
4997,negative
4998,negative
4999,negative
5000,positive
5001,positive
5002,positive
5003,negative
5004,positive
5005,positive
5006,positive
5007,positive
5008,positive
5009,negative
5010,negative
5011,positive
5012,positive
5013,positive
5014,negative
5015,positive
5016,positive
5017,positive
5018,positive
5019,positive
5020,positive
5021,positive
5022,negative
5023,negative
5024,positive
5025,positive
5026,positive
5027,negative
5028,positive
5029,positive
5030,positive
5031,positive
5032,positive
5033,positive
5034,negative
5035,positive
5036,positive
5037,positive
5038,positive
5039,positive
5040,positive
5041,positive
5042,positive
5043,negative
5044,positive
5045,positive
5046,positive
5047,positive
5048,positive
5049,negative
5050,positive
5051,negative
5052,negative
5053,negative
5054,positive
5055,positive
5056,positive
5057,neutral
5058,positive
5059,negative
5060,positive
5061,negative
5062,negative
5063,positive
5064,negative
5065,positive
5066,positive
5067,positive
5068,positive
5069,positive
5070,positive
5071,positive
5072,positive
5073,positive
5074,positive
5075,positive
5076,positive
5077,positive
5078,positive
5079,neutral
5080,negative
5081,positive
5082,positive
5083,positive
5084,positive
5085,positive
5086,positive
5087,negative
5088,positive
5089,negative
5090,negative
5091,positive
5092,positive
5093,positive
5094,positive
5095,positive
5096,positive
5097,positive
5098,negative
5099,negative
5100,positive
5101,positive
5102,positive
5103,positive
5104,negative
5105,positive
5106,neutral
5107,positive
5108,positive
5109,positive
5110,negative
5111,negative
5112,negative
5113,negative
5114,negative
5115,positive
5116,positive
5117,positive
5118,positive
5119,positive
5120,positive
5121,positive
5122,positive
5123,negative
5124,positive
5125,positive
5126,positive
5127,positive
5128,positive
5129,negative
5130,positive
5131,positive
5132,positive
5133,positive
5134,negative
5135,negative
5136,positive
5137,positive
5138,negative
5139,negative
5140,positive
5141,positive
5142,positive
5143,negative
5144,positive
5145,positive
5146,negative
5147,negative
5148,negative
5149,positive
5150,negative
5151,positive
5152,positive
5153,positive
5154,positive
5155,positive
5156,positive
5157,negative
5158,negative
5159,positive
5160,negative
5161,positive
5162,negative
5163,positive
5164,positive
5165,negative
5166,positive
5167,positive
5168,positive
5169,positive
5170,positive
5171,negative
5172,positive
5173,negative
5174,positive
5175,negative
5176,positive
5177,positive
5178,positive
5179,positive
5180,positive
5181,negative
5182,positive
5183,positive
5184,positive
5185,positive
5186,neutral
5187,negative
5188,positive
5189,negative
5190,positive
5191,positive
5192,positive
5193,negative
5194,positive
5195,positive
5196,negative
5197,positive
5198,positive
5199,negative
5200,positive
5201,positive
5202,negative
5203,positive
5204,negative
5205,positive
5206,positive
5207,positive
5208,positive
5209,positive
5210,positive
5211,positive
5212,positive
5213,negative
5214,positive
5215,positive
5216,negative
5217,positive
5218,positive
5219,positive
5220,positive
5221,positive
5222,positive
5223,negative
5224,positive
5225,positive
5226,positive
5227,positive
5228,negative
5229,negative
5230,positive
5231,positive
5232,positive
5233,negative
5234,negative
5235,positive
5236,positive
5237,neutral
5238,positive
5239,negative
5240,positive
5241,positive
5242,positive
5243,positive
5244,positive
5245,positive
5246,negative
5247,positive
5248,positive
5249,negative
5250,positive
5251,negative
5252,positive
5253,positive
5254,negative
5255,negative
5256,positive
5257,positive
5258,negative
5259,negative
5260,negative
5261,positive
5262,positive
5263,negative
5264,positive
5265,negative
5266,positive
5267,neutral
